Population,Sample,Mut,Severity,col,row
GWD,HG02614,chrMT-990-C,2.0,110,18
GWD,HG02805,chrMT-990-C,2.0,110,51
GWD,HG03024,chrMT-990-C,2.0,110,82
GWD,HG03045,chrMT-990-C,2.0,110,88
GWD,HG02462,chrMT-1018-A,1.0,4,1
GWD,HG02568,chrMT-1018-A,1.0,4,4
GWD,HG02570,chrMT-1018-A,1.0,4,5
GWD,HG02588,chrMT-1018-A,1.0,4,12
GWD,HG02595,chrMT-1018-A,1.0,4,14
GWD,HG02611,chrMT-1018-A,1.0,4,16
GWD,HG02620,chrMT-1018-A,1.0,4,19
GWD,HG02624,chrMT-1018-A,1.0,4,22
GWD,HG02629,chrMT-1018-A,1.0,4,24
GWD,HG02642,chrMT-1018-A,1.0,4,26
GWD,HG02643,chrMT-1018-A,1.0,4,27
GWD,HG02645,chrMT-1018-A,1.0,4,28
GWD,HG02667,chrMT-1018-A,1.0,4,30
GWD,HG02676,chrMT-1018-A,1.0,4,32
GWD,HG02679,chrMT-1018-A,1.0,4,33
GWD,HG02703,chrMT-1018-A,1.0,4,35
GWD,HG02715,chrMT-1018-A,1.0,4,36
GWD,HG02716,chrMT-1018-A,1.0,4,37
GWD,HG02756,chrMT-1018-A,1.0,4,40
GWD,HG02757,chrMT-1018-A,1.0,4,41
GWD,HG02759,chrMT-1018-A,1.0,4,42
GWD,HG02760,chrMT-1018-A,1.0,4,43
GWD,HG02799,chrMT-1018-A,1.0,4,49
GWD,HG02804,chrMT-1018-A,1.0,4,50
GWD,HG02808,chrMT-1018-A,1.0,4,53
GWD,HG02814,chrMT-1018-A,1.0,4,56
GWD,HG02819,chrMT-1018-A,1.0,4,59
GWD,HG02836,chrMT-1018-A,1.0,4,60
GWD,HG02837,chrMT-1018-A,1.0,4,61
GWD,HG02851,chrMT-1018-A,1.0,4,63
GWD,HG02852,chrMT-1018-A,1.0,4,64
GWD,HG02860,chrMT-1018-A,1.0,4,66
GWD,HG02861,chrMT-1018-A,1.0,4,67
GWD,HG02870,chrMT-1018-A,1.0,4,68
GWD,HG02878,chrMT-1018-A,1.0,4,69
GWD,HG02879,chrMT-1018-A,1.0,4,70
GWD,HG02881,chrMT-1018-A,1.0,4,71
GWD,HG02882,chrMT-1018-A,1.0,4,72
GWD,HG02885,chrMT-1018-A,1.0,4,74
GWD,HG02887,chrMT-1018-A,1.0,4,75
GWD,HG02888,chrMT-1018-A,1.0,4,76
GWD,HG02895,chrMT-1018-A,1.0,4,78
GWD,HG02896,chrMT-1018-A,1.0,4,79
GWD,HG02982,chrMT-1018-A,1.0,4,80
GWD,HG02983,chrMT-1018-A,1.0,4,81
GWD,HG03028,chrMT-1018-A,1.0,4,85
GWD,HG03046,chrMT-1018-A,1.0,4,89
GWD,HG03048,chrMT-1018-A,1.0,4,90
GWD,HG03049,chrMT-1018-A,1.0,4,91
GWD,HG03240,chrMT-1018-A,1.0,4,92
GWD,HG03259,chrMT-1018-A,1.0,4,97
GWD,HG02836,chrMT-1040-C,2.0,8,60
GWD,HG03240,chrMT-1211-A,2.0,19,92
GWD,HG02461,chrMT-1438-G,1.0,37,0
GWD,HG02462,chrMT-1438-G,1.0,37,1
GWD,HG02464,chrMT-1438-G,1.0,37,2
GWD,HG02465,chrMT-1438-G,1.0,37,3
GWD,HG02568,chrMT-1438-G,1.0,37,4
GWD,HG02570,chrMT-1438-G,1.0,37,5
GWD,HG02573,chrMT-1438-G,1.0,37,6
GWD,HG02574,chrMT-1438-G,1.0,37,7
GWD,HG02582,chrMT-1438-G,1.0,37,8
GWD,HG02583,chrMT-1438-G,1.0,37,9
GWD,HG02585,chrMT-1438-G,1.0,37,10
GWD,HG02586,chrMT-1438-G,1.0,37,11
GWD,HG02588,chrMT-1438-G,1.0,37,12
GWD,HG02594,chrMT-1438-G,1.0,37,13
GWD,HG02595,chrMT-1438-G,1.0,37,14
GWD,HG02610,chrMT-1438-G,1.0,37,15
GWD,HG02611,chrMT-1438-G,1.0,37,16
GWD,HG02613,chrMT-1438-G,1.0,37,17
GWD,HG02614,chrMT-1438-G,1.0,37,18
GWD,HG02620,chrMT-1438-G,1.0,37,19
GWD,HG02621,chrMT-1438-G,1.0,37,20
GWD,HG02623,chrMT-1438-G,1.0,37,21
GWD,HG02624,chrMT-1438-G,1.0,37,22
GWD,HG02628,chrMT-1438-G,1.0,37,23
GWD,HG02629,chrMT-1438-G,1.0,37,24
GWD,HG02634,chrMT-1438-G,1.0,37,25
GWD,HG02642,chrMT-1438-G,1.0,37,26
GWD,HG02643,chrMT-1438-G,1.0,37,27
GWD,HG02645,chrMT-1438-G,1.0,37,28
GWD,HG02666,chrMT-1438-G,1.0,37,29
GWD,HG02667,chrMT-1438-G,1.0,37,30
GWD,HG02675,chrMT-1438-G,1.0,37,31
GWD,HG02676,chrMT-1438-G,1.0,37,32
GWD,HG02679,chrMT-1438-G,1.0,37,33
GWD,HG02702,chrMT-1438-G,1.0,37,34
GWD,HG02703,chrMT-1438-G,1.0,37,35
GWD,HG02715,chrMT-1438-G,1.0,37,36
GWD,HG02716,chrMT-1438-G,1.0,37,37
GWD,HG02721,chrMT-1438-G,1.0,37,38
GWD,HG02722,chrMT-1438-G,1.0,37,39
GWD,HG02756,chrMT-1438-G,1.0,37,40
GWD,HG02757,chrMT-1438-G,1.0,37,41
GWD,HG02759,chrMT-1438-G,1.0,37,42
GWD,HG02760,chrMT-1438-G,1.0,37,43
GWD,HG02763,chrMT-1438-G,1.0,37,44
GWD,HG02768,chrMT-1438-G,1.0,37,45
GWD,HG02769,chrMT-1438-G,1.0,37,46
GWD,HG02771,chrMT-1438-G,1.0,37,47
GWD,HG02798,chrMT-1438-G,1.0,37,48
GWD,HG02799,chrMT-1438-G,1.0,37,49
GWD,HG02804,chrMT-1438-G,1.0,37,50
GWD,HG02805,chrMT-1438-G,1.0,37,51
GWD,HG02807,chrMT-1438-G,1.0,37,52
GWD,HG02808,chrMT-1438-G,1.0,37,53
GWD,HG02810,chrMT-1438-G,1.0,37,54
GWD,HG02813,chrMT-1438-G,1.0,37,55
GWD,HG02814,chrMT-1438-G,1.0,37,56
GWD,HG02816,chrMT-1438-G,1.0,37,57
GWD,HG02817,chrMT-1438-G,1.0,37,58
GWD,HG02819,chrMT-1438-G,1.0,37,59
GWD,HG02836,chrMT-1438-G,1.0,37,60
GWD,HG02837,chrMT-1438-G,1.0,37,61
GWD,HG02839,chrMT-1438-G,1.0,37,62
GWD,HG02851,chrMT-1438-G,1.0,37,63
GWD,HG02852,chrMT-1438-G,1.0,37,64
GWD,HG02854,chrMT-1438-G,1.0,37,65
GWD,HG02860,chrMT-1438-G,1.0,37,66
GWD,HG02861,chrMT-1438-G,1.0,37,67
GWD,HG02870,chrMT-1438-G,1.0,37,68
GWD,HG02878,chrMT-1438-G,1.0,37,69
GWD,HG02879,chrMT-1438-G,1.0,37,70
GWD,HG02881,chrMT-1438-G,1.0,37,71
GWD,HG02882,chrMT-1438-G,1.0,37,72
GWD,HG02884,chrMT-1438-G,1.0,37,73
GWD,HG02885,chrMT-1438-G,1.0,37,74
GWD,HG02887,chrMT-1438-G,1.0,37,75
GWD,HG02888,chrMT-1438-G,1.0,37,76
GWD,HG02890,chrMT-1438-G,1.0,37,77
GWD,HG02895,chrMT-1438-G,1.0,37,78
GWD,HG02896,chrMT-1438-G,1.0,37,79
GWD,HG02982,chrMT-1438-G,1.0,37,80
GWD,HG02983,chrMT-1438-G,1.0,37,81
GWD,HG03024,chrMT-1438-G,1.0,37,82
GWD,HG03025,chrMT-1438-G,1.0,37,83
GWD,HG03027,chrMT-1438-G,1.0,37,84
GWD,HG03028,chrMT-1438-G,1.0,37,85
GWD,HG03039,chrMT-1438-G,1.0,37,86
GWD,HG03040,chrMT-1438-G,1.0,37,87
GWD,HG03045,chrMT-1438-G,1.0,37,88
GWD,HG03046,chrMT-1438-G,1.0,37,89
GWD,HG03048,chrMT-1438-G,1.0,37,90
GWD,HG03049,chrMT-1438-G,1.0,37,91
GWD,HG03240,chrMT-1438-G,1.0,37,92
GWD,HG03241,chrMT-1438-G,1.0,37,93
GWD,HG03246,chrMT-1438-G,1.0,37,94
GWD,HG03247,chrMT-1438-G,1.0,37,95
GWD,HG03258,chrMT-1438-G,1.0,37,96
GWD,HG03259,chrMT-1438-G,1.0,37,97
GWD,HG02462,chrMT-1442-A,2.0,38,1
GWD,HG02595,chrMT-1442-A,2.0,38,14
GWD,HG02624,chrMT-1442-A,2.0,38,22
GWD,HG02642,chrMT-1442-A,2.0,38,26
GWD,HG02643,chrMT-1442-A,2.0,38,27
GWD,HG02645,chrMT-1442-A,2.0,38,28
GWD,HG02667,chrMT-1442-A,2.0,38,30
GWD,HG02703,chrMT-1442-A,2.0,38,35
GWD,HG02715,chrMT-1442-A,2.0,38,36
GWD,HG02756,chrMT-1442-A,2.0,38,40
GWD,HG02757,chrMT-1442-A,2.0,38,41
GWD,HG02759,chrMT-1442-A,2.0,38,42
GWD,HG02760,chrMT-1442-A,2.0,38,43
GWD,HG02804,chrMT-1442-A,2.0,38,50
GWD,HG02814,chrMT-1442-A,2.0,38,56
GWD,HG02836,chrMT-1442-A,2.0,38,60
GWD,HG02837,chrMT-1442-A,2.0,38,61
GWD,HG02878,chrMT-1442-A,2.0,38,69
GWD,HG02879,chrMT-1442-A,2.0,38,70
GWD,HG02882,chrMT-1442-A,2.0,38,72
GWD,HG02887,chrMT-1442-A,2.0,38,75
GWD,HG02888,chrMT-1442-A,2.0,38,76
GWD,HG02896,chrMT-1442-A,2.0,38,79
GWD,HG02982,chrMT-1442-A,2.0,38,80
GWD,HG03046,chrMT-1442-A,2.0,38,89
GWD,HG03048,chrMT-1442-A,2.0,38,90
GWD,HG03049,chrMT-1442-A,2.0,38,91
GWD,HG02583,chrMT-1503-A,1.0,49,9
GWD,HG02798,chrMT-1503-A,1.0,49,48
GWD,HG03241,chrMT-1503-A,1.0,49,93
GWD,HG02595,chrMT-5814-C,-2.0,94,14
GWD,HG02645,chrMT-5814-C,-2.0,94,28
GWD,HG02760,chrMT-5814-C,-2.0,94,43
GWD,HG02804,chrMT-5814-C,-2.0,94,50
GWD,HG02837,chrMT-5814-C,-2.0,94,61
GWD,HG02887,chrMT-5814-C,-2.0,94,75
GWD,HG02982,chrMT-5814-C,-2.0,94,80
GWD,HG03046,chrMT-5814-C,-2.0,94,89
GWD,HG02861,chrMT-5843-G,-2.0,95,67
GWD,HG02895,chrMT-5843-G,-2.0,95,78
GWD,HG02716,chrMT-6480-A,-2.0,96,37
GWD,HG02983,chrMT-7498-A,2.0,100,81
GWD,HG02614,chrMT-10044-G,-2.0,0,18
GWD,HG02805,chrMT-10044-G,-2.0,0,51
GWD,HG03024,chrMT-10044-G,-2.0,0,82
GWD,HG03045,chrMT-10044-G,-2.0,0,88
GWD,HG03024,chrMT-10237-C,-2.0,5,82
GWD,HG02570,chrMT-14905-A,-1.0,44,5
GWD,HG02573,chrMT-14905-A,-1.0,44,6
GWD,HG02807,chrMT-14905-A,-1.0,44,52
GWD,HG02839,chrMT-14905-A,-1.0,44,62
GWD,HG02851,chrMT-14905-A,-1.0,44,63
GWD,HG02890,chrMT-14905-A,-1.0,44,77
GWD,HG03027,chrMT-14905-A,-1.0,44,84
GWD,HG03259,chrMT-14905-A,-1.0,44,97
GWD,HG02613,chrMT-14968-C,-1.0,47,17
GWD,HG02675,chrMT-15061-G,-1.0,51,31
GWD,HG02983,chrMT-15226-G,-1.0,56,81
GWD,HG02461,chrMT-15301-A,-1.0,61,0
GWD,HG02462,chrMT-15301-A,-1.0,61,1
GWD,HG02464,chrMT-15301-A,-1.0,61,2
GWD,HG02465,chrMT-15301-A,-1.0,61,3
GWD,HG02568,chrMT-15301-A,-1.0,61,4
GWD,HG02570,chrMT-15301-A,-1.0,61,5
GWD,HG02573,chrMT-15301-A,-1.0,61,6
GWD,HG02574,chrMT-15301-A,-1.0,61,7
GWD,HG02582,chrMT-15301-A,-1.0,61,8
GWD,HG02583,chrMT-15301-A,-1.0,61,9
GWD,HG02585,chrMT-15301-A,-1.0,61,10
GWD,HG02586,chrMT-15301-A,-1.0,61,11
GWD,HG02588,chrMT-15301-A,-1.0,61,12
GWD,HG02594,chrMT-15301-A,-1.0,61,13
GWD,HG02595,chrMT-15301-A,-1.0,61,14
GWD,HG02610,chrMT-15301-A,-1.0,61,15
GWD,HG02613,chrMT-15301-A,-1.0,61,17
GWD,HG02614,chrMT-15301-A,-1.0,61,18
GWD,HG02620,chrMT-15301-A,-1.0,61,19
GWD,HG02623,chrMT-15301-A,-1.0,61,21
GWD,HG02624,chrMT-15301-A,-1.0,61,22
GWD,HG02628,chrMT-15301-A,-1.0,61,23
GWD,HG02629,chrMT-15301-A,-1.0,61,24
GWD,HG02634,chrMT-15301-A,-1.0,61,25
GWD,HG02642,chrMT-15301-A,-1.0,61,26
GWD,HG02643,chrMT-15301-A,-1.0,61,27
GWD,HG02645,chrMT-15301-A,-1.0,61,28
GWD,HG02666,chrMT-15301-A,-1.0,61,29
GWD,HG02667,chrMT-15301-A,-1.0,61,30
GWD,HG02675,chrMT-15301-A,-1.0,61,31
GWD,HG02676,chrMT-15301-A,-1.0,61,32
GWD,HG02679,chrMT-15301-A,-1.0,61,33
GWD,HG02702,chrMT-15301-A,-1.0,61,34
GWD,HG02703,chrMT-15301-A,-1.0,61,35
GWD,HG02715,chrMT-15301-A,-1.0,61,36
GWD,HG02716,chrMT-15301-A,-1.0,61,37
GWD,HG02721,chrMT-15301-A,-1.0,61,38
GWD,HG02722,chrMT-15301-A,-1.0,61,39
GWD,HG02756,chrMT-15301-A,-1.0,61,40
GWD,HG02757,chrMT-15301-A,-1.0,61,41
GWD,HG02759,chrMT-15301-A,-1.0,61,42
GWD,HG02760,chrMT-15301-A,-1.0,61,43
GWD,HG02768,chrMT-15301-A,-1.0,61,45
GWD,HG02769,chrMT-15301-A,-1.0,61,46
GWD,HG02771,chrMT-15301-A,-1.0,61,47
GWD,HG02798,chrMT-15301-A,-1.0,61,48
GWD,HG02799,chrMT-15301-A,-1.0,61,49
GWD,HG02804,chrMT-15301-A,-1.0,61,50
GWD,HG02805,chrMT-15301-A,-1.0,61,51
GWD,HG02807,chrMT-15301-A,-1.0,61,52
GWD,HG02808,chrMT-15301-A,-1.0,61,53
GWD,HG02810,chrMT-15301-A,-1.0,61,54
GWD,HG02813,chrMT-15301-A,-1.0,61,55
GWD,HG02814,chrMT-15301-A,-1.0,61,56
GWD,HG02817,chrMT-15301-A,-1.0,61,58
GWD,HG02819,chrMT-15301-A,-1.0,61,59
GWD,HG02836,chrMT-15301-A,-1.0,61,60
GWD,HG02837,chrMT-15301-A,-1.0,61,61
GWD,HG02839,chrMT-15301-A,-1.0,61,62
GWD,HG02851,chrMT-15301-A,-1.0,61,63
GWD,HG02852,chrMT-15301-A,-1.0,61,64
GWD,HG02854,chrMT-15301-A,-1.0,61,65
GWD,HG02860,chrMT-15301-A,-1.0,61,66
GWD,HG02861,chrMT-15301-A,-1.0,61,67
GWD,HG02870,chrMT-15301-A,-1.0,61,68
GWD,HG02878,chrMT-15301-A,-1.0,61,69
GWD,HG02879,chrMT-15301-A,-1.0,61,70
GWD,HG02881,chrMT-15301-A,-1.0,61,71
GWD,HG02882,chrMT-15301-A,-1.0,61,72
GWD,HG02885,chrMT-15301-A,-1.0,61,74
GWD,HG02887,chrMT-15301-A,-1.0,61,75
GWD,HG02888,chrMT-15301-A,-1.0,61,76
GWD,HG02890,chrMT-15301-A,-1.0,61,77
GWD,HG02895,chrMT-15301-A,-1.0,61,78
GWD,HG02896,chrMT-15301-A,-1.0,61,79
GWD,HG02982,chrMT-15301-A,-1.0,61,80
GWD,HG03025,chrMT-15301-A,-1.0,61,83
GWD,HG03027,chrMT-15301-A,-1.0,61,84
GWD,HG03028,chrMT-15301-A,-1.0,61,85
GWD,HG03039,chrMT-15301-A,-1.0,61,86
GWD,HG03040,chrMT-15301-A,-1.0,61,87
GWD,HG03045,chrMT-15301-A,-1.0,61,88
GWD,HG03046,chrMT-15301-A,-1.0,61,89
GWD,HG03048,chrMT-15301-A,-1.0,61,90
GWD,HG03049,chrMT-15301-A,-1.0,61,91
GWD,HG03240,chrMT-15301-A,-1.0,61,92
GWD,HG03241,chrMT-15301-A,-1.0,61,93
GWD,HG03246,chrMT-15301-A,-1.0,61,94
GWD,HG03247,chrMT-15301-A,-1.0,61,95
GWD,HG03259,chrMT-15301-A,-1.0,61,97
GWD,HG02582,chrMT-15314-A,-1.0,62,8
GWD,HG02461,chrMT-15326-G,-1.0,64,0
GWD,HG02462,chrMT-15326-G,-1.0,64,1
GWD,HG02464,chrMT-15326-G,-1.0,64,2
GWD,HG02465,chrMT-15326-G,-1.0,64,3
GWD,HG02568,chrMT-15326-G,-1.0,64,4
GWD,HG02570,chrMT-15326-G,-1.0,64,5
GWD,HG02573,chrMT-15326-G,-1.0,64,6
GWD,HG02574,chrMT-15326-G,-1.0,64,7
GWD,HG02582,chrMT-15326-G,-1.0,64,8
GWD,HG02583,chrMT-15326-G,-1.0,64,9
GWD,HG02585,chrMT-15326-G,-1.0,64,10
GWD,HG02586,chrMT-15326-G,-1.0,64,11
GWD,HG02588,chrMT-15326-G,-1.0,64,12
GWD,HG02594,chrMT-15326-G,-1.0,64,13
GWD,HG02595,chrMT-15326-G,-1.0,64,14
GWD,HG02610,chrMT-15326-G,-1.0,64,15
GWD,HG02611,chrMT-15326-G,-1.0,64,16
GWD,HG02613,chrMT-15326-G,-1.0,64,17
GWD,HG02614,chrMT-15326-G,-1.0,64,18
GWD,HG02620,chrMT-15326-G,-1.0,64,19
GWD,HG02621,chrMT-15326-G,-1.0,64,20
GWD,HG02623,chrMT-15326-G,-1.0,64,21
GWD,HG02624,chrMT-15326-G,-1.0,64,22
GWD,HG02628,chrMT-15326-G,-1.0,64,23
GWD,HG02629,chrMT-15326-G,-1.0,64,24
GWD,HG02634,chrMT-15326-G,-1.0,64,25
GWD,HG02642,chrMT-15326-G,-1.0,64,26
GWD,HG02643,chrMT-15326-G,-1.0,64,27
GWD,HG02645,chrMT-15326-G,-1.0,64,28
GWD,HG02666,chrMT-15326-G,-1.0,64,29
GWD,HG02667,chrMT-15326-G,-1.0,64,30
GWD,HG02675,chrMT-15326-G,-1.0,64,31
GWD,HG02676,chrMT-15326-G,-1.0,64,32
GWD,HG02679,chrMT-15326-G,-1.0,64,33
GWD,HG02702,chrMT-15326-G,-1.0,64,34
GWD,HG02703,chrMT-15326-G,-1.0,64,35
GWD,HG02715,chrMT-15326-G,-1.0,64,36
GWD,HG02716,chrMT-15326-G,-1.0,64,37
GWD,HG02721,chrMT-15326-G,-1.0,64,38
GWD,HG02722,chrMT-15326-G,-1.0,64,39
GWD,HG02756,chrMT-15326-G,-1.0,64,40
GWD,HG02757,chrMT-15326-G,-1.0,64,41
GWD,HG02759,chrMT-15326-G,-1.0,64,42
GWD,HG02760,chrMT-15326-G,-1.0,64,43
GWD,HG02763,chrMT-15326-G,-1.0,64,44
GWD,HG02768,chrMT-15326-G,-1.0,64,45
GWD,HG02769,chrMT-15326-G,-1.0,64,46
GWD,HG02771,chrMT-15326-G,-1.0,64,47
GWD,HG02798,chrMT-15326-G,-1.0,64,48
GWD,HG02799,chrMT-15326-G,-1.0,64,49
GWD,HG02804,chrMT-15326-G,-1.0,64,50
GWD,HG02805,chrMT-15326-G,-1.0,64,51
GWD,HG02807,chrMT-15326-G,-1.0,64,52
GWD,HG02808,chrMT-15326-G,-1.0,64,53
GWD,HG02810,chrMT-15326-G,-1.0,64,54
GWD,HG02813,chrMT-15326-G,-1.0,64,55
GWD,HG02814,chrMT-15326-G,-1.0,64,56
GWD,HG02816,chrMT-15326-G,-1.0,64,57
GWD,HG02817,chrMT-15326-G,-1.0,64,58
GWD,HG02819,chrMT-15326-G,-1.0,64,59
GWD,HG02836,chrMT-15326-G,-1.0,64,60
GWD,HG02837,chrMT-15326-G,-1.0,64,61
GWD,HG02839,chrMT-15326-G,-1.0,64,62
GWD,HG02851,chrMT-15326-G,-1.0,64,63
GWD,HG02852,chrMT-15326-G,-1.0,64,64
GWD,HG02854,chrMT-15326-G,-1.0,64,65
GWD,HG02860,chrMT-15326-G,-1.0,64,66
GWD,HG02861,chrMT-15326-G,-1.0,64,67
GWD,HG02870,chrMT-15326-G,-1.0,64,68
GWD,HG02878,chrMT-15326-G,-1.0,64,69
GWD,HG02879,chrMT-15326-G,-1.0,64,70
GWD,HG02881,chrMT-15326-G,-1.0,64,71
GWD,HG02882,chrMT-15326-G,-1.0,64,72
GWD,HG02884,chrMT-15326-G,-1.0,64,73
GWD,HG02885,chrMT-15326-G,-1.0,64,74
GWD,HG02887,chrMT-15326-G,-1.0,64,75
GWD,HG02888,chrMT-15326-G,-1.0,64,76
GWD,HG02890,chrMT-15326-G,-1.0,64,77
GWD,HG02895,chrMT-15326-G,-1.0,64,78
GWD,HG02896,chrMT-15326-G,-1.0,64,79
GWD,HG02982,chrMT-15326-G,-1.0,64,80
GWD,HG02983,chrMT-15326-G,-1.0,64,81
GWD,HG03024,chrMT-15326-G,-1.0,64,82
GWD,HG03025,chrMT-15326-G,-1.0,64,83
GWD,HG03027,chrMT-15326-G,-1.0,64,84
GWD,HG03028,chrMT-15326-G,-1.0,64,85
GWD,HG03039,chrMT-15326-G,-1.0,64,86
GWD,HG03040,chrMT-15326-G,-1.0,64,87
GWD,HG03045,chrMT-15326-G,-1.0,64,88
GWD,HG03046,chrMT-15326-G,-1.0,64,89
GWD,HG03048,chrMT-15326-G,-1.0,64,90
GWD,HG03049,chrMT-15326-G,-1.0,64,91
GWD,HG03240,chrMT-15326-G,-1.0,64,92
GWD,HG03241,chrMT-15326-G,-1.0,64,93
GWD,HG03246,chrMT-15326-G,-1.0,64,94
GWD,HG03247,chrMT-15326-G,-1.0,64,95
GWD,HG03258,chrMT-15326-G,-1.0,64,96
GWD,HG03259,chrMT-15326-G,-1.0,64,97
GWD,HG02804,chrMT-15470-C,-1.0,73,50
GWD,HG02805,chrMT-15670-C,-1.0,80,51
GWD,HG02666,chrMT-15758-G,-1.0,82,29
GWD,HG03240,chrMT-15758-G,-1.0,82,92
GWD,HG02568,chrMT-15784-C,-1.0,83,4
GWD,HG02588,chrMT-15784-C,-1.0,83,12
GWD,HG02620,chrMT-15784-C,-1.0,83,19
GWD,HG02629,chrMT-15784-C,-1.0,83,24
GWD,HG02676,chrMT-15784-C,-1.0,83,32
GWD,HG02679,chrMT-15784-C,-1.0,83,33
GWD,HG02716,chrMT-15784-C,-1.0,83,37
GWD,HG02808,chrMT-15784-C,-1.0,83,53
GWD,HG02819,chrMT-15784-C,-1.0,83,59
GWD,HG02851,chrMT-15784-C,-1.0,83,63
GWD,HG02852,chrMT-15784-C,-1.0,83,64
GWD,HG02860,chrMT-15784-C,-1.0,83,66
GWD,HG02861,chrMT-15784-C,-1.0,83,67
GWD,HG02870,chrMT-15784-C,-1.0,83,68
GWD,HG02885,chrMT-15784-C,-1.0,83,74
GWD,HG02895,chrMT-15784-C,-1.0,83,78
GWD,HG03028,chrMT-15784-C,-1.0,83,85
GWD,HG02817,chrMT-15812-A,-2.0,84,58
GWD,HG02763,chrMT-15927-A,-1.0,85,44
GWD,HG02884,chrMT-15927-A,-1.0,85,73
GWD,HG03258,chrMT-15927-A,-1.0,85,96
